time_s,time_h,time_d,k_eff,source_rate_n_per_s,power_watts,power_mw,cum_neutrons,cum_energy_joules,cum_energy_mwh
0.0,0.0,0.0,,100000000000000.0,3204.36,0.0032043600000000003,5.256e+20,16842116160.0,4.6783656
5256000.0,1460.0,60.833333333333336,,100000000000000.0,3204.36,0.0032043600000000003,1.0512e+21,33684232320.0,9.3567312
10512000.0,2920.0,121.66666666666667,,100000000000000.0,3204.36,0.0032043600000000003,1.5768e+21,50526348480.0,14.0350968
15768000.0,4380.0,182.5,,100000000000000.0,3204.36,0.0032043600000000003,2.1024e+21,67368464640.0,18.7134624
