time_s,time_h,time_d,k_eff,source_rate_n_per_s,power_watts,power_mw,cum_neutrons,cum_energy_joules,cum_energy_mwh
0.0,0.0,0.0,0.520344339857805,1000000.0,3.20436e-05,3.20436e-11,5256000000000.0,168.4211616,4.6783656e-08
5256000.0,1460.0,60.833333333333336,0.5132682062377084,1000000.0,3.20436e-05,3.20436e-11,10512000000000.0,336.8423232,9.3567312e-08
10512000.0,2920.0,121.66666666666667,0.5163882292256154,1000000.0,3.20436e-05,3.20436e-11,15768000000000.0,505.2634848,1.40350968e-07
15768000.0,4380.0,182.5,0.5166538316761601,1000000.0,3.20436e-05,3.20436e-11,21024000000000.0,673.6846464,1.87134624e-07
